InfoID,Title,Search,OnTime,HiRank,Link
1,尹正 为什么我不能去上海追星,3384463,5小时40分,1,https://weibo.cn/comment/hot/I9ZaoqEBn?rl=2
2,谢依霖怀二胎,3089733,12小时40分,1,https://weibo.cn/comment/hot/I9UuqFymE?rl=2
4,刘昊然 菜刀砍指甲,2472933,10小时30分,1,https://weibo.cn/comment/hot/I9UqH1Wz1?rl=2
5,香港市民隔岸观赏深圳烟花,2441910,6小时40分,2,https://weibo.cn/comment/hot/I9WB0iQ3K?rl=2
6,佟丽娅谈20年前新疆彩车表演,2435666,7小时10分,1,https://weibo.cn/comment/hot/I9VCTwBPr?rl=2
7,易烊千玺 偷笑,2413521,10小时30分,1,https://weibo.cn/comment/hot/I9VmDlJJY?rl=2
8,傅首尔和老公相处模式,2214849,4小时40分,3,https://weibo.cn/comment/hot/I9XUF0wNN?rl=2
9,港澳办回应港府制订禁止蒙面规例,2127931,4小时10分,2,https://weibo.cn/comment/hot/I9XVgbb3A?rl=2
10,攀登者挑战2小时,2093578,1小时30分,3,https://weibo.cn/comment/hot/I9VAGb2hw?rl=2
11,把中餐外卖名字纹在身上,1852522,14小时0分,1,https://weibo.cn/comment/hot/I9UAXuiq1?rl=2
12,和平鸽迷路飞到河南,1810488,9小时30分,2,https://weibo.cn/comment/hot/I9TQ7aL0r?rl=2
13,汶川地震中救出的国旗被评为二级文物,1798047,8小时10分,2,https://weibo.cn/comment/hot/I9Uzrg7XD?rl=2
14,小人书身价暴涨150倍,1777465,7小时50分,2,https://weibo.cn/comment/hot/I9TsTt4vf?rl=2
15,花西子雕花口红,1750954,1小时40分,3,https://weibo.cn/comment/hot/I7Q7Pm3t9?rl=2
16,今年我们已痛失26位院士,1671986,3小时30分,2,https://weibo.cn/comment/hot/I9Z3JCFoz?rl=2
17,冬冬甩出的泪滴,1667347,9小时50分,2,https://weibo.cn/comment/hot/I9UjudOxf?rl=2
18,在好朋友家过夜的你,1622094,6小时50分,4,https://weibo.cn/comment/hot/I9KzyDC0c?rl=2
19,宋性格,1536341,6小时30分,5,https://weibo.cn/comment/hot/I9UaCkTCs?rl=2
20,冬冬哭戏看哭徐峥,1506556,8小时10分,1,https://weibo.cn/comment/hot/I9UjudOxf?rl=2
21,袁莱职场生存法则,1469661,0小时50分,3,https://weibo.cn/comment/hot/I9Y1s1bOp?rl=2
23,新Airpods像吹风机,1449116,10小时20分,4,https://weibo.cn/comment/hot/I9U2OBbqS?rl=2
24,黄宗泽的秘密,1443935,0小时50分,3,https://weibo.cn/comment/hot/I9V2r2squ?rl=2
25,惠英红换帽徽,1425483,6小时30分,3,https://weibo.cn/comment/hot/I9UvejRxX?rl=2
27,bw上海来了,1383694,0小时20分,3,https://weibo.cn/comment/hot/I9Btr36tG?rl=2
28,空中护旗梯队飞行员受阅前vlog,1359874,7小时0分,9,https://weibo.cn/comment/hot/I9PRT9jHE?rl=2
29,李宇春仙女裙,1343149,2小时40分,3,https://weibo.cn/comment/hot/I9YLevdrl?rl=2
30,国庆前4天5.42亿人次出游,1305219,3小时10分,4,https://weibo.cn/comment/hot/I9YJN2cxk?rl=2
31,回归篇 东方之珠响起,1273749,3小时50分,10,https://weibo.cn/comment/hot/I9UvejRxX?rl=2
32,歼20飞行员阅兵后的目标,1235048,4小时0分,7,https://weibo.cn/comment/hot/I9Tj7pXC3?rl=2
33,朱云慧退出恋梦小屋,1176617,11小时50分,2,https://weibo.cn/comment/hot/I9Pzmesio?rl=2
34,青岛栈桥遭挤到质壁分离,1149965,8小时20分,3,https://weibo.cn/comment/hot/I9VNakJX2?rl=2
35,肖战 蓝色西装,1137532,3小时10分,5,https://weibo.cn/comment/hot/I9YtJtbyG?rl=2
36,陈立农养橙猫,1095213,1小时10分,3,https://weibo.cn/comment/hot/I9L6S9i0v?rl=2
37,老父亲坐儿子肩头看天安门升旗,1090372,8小时30分,2,https://weibo.cn/comment/hot/IaEoRs0fu?rl=2
38,向佐郭碧婷蜜月吵架,1081132,12小时30分,5,https://weibo.cn/comment/hot/I9MZ58021?rl=2
39,烟台氢气球,1059452,11小时30分,4,https://weibo.cn/comment/hot/I9ThZo7hz?rl=2
40,无可奈何林更新,1045698,8小时10分,3,https://weibo.cn/comment/hot/I9V3c2Q1n?rl=2
41,复联4冲奥计划奖项公布,1044380,3小时20分,11,https://weibo.cn/comment/hot/I9THkw1T0?rl=2
42,和平鸽迷路概率很低,1042031,0小时50分,4,https://weibo.cn/comment/hot/I9Z5cDpSD?rl=2
43,中国女排重回世界第一,994190,8小时50分,5,https://weibo.cn/comment/hot/Ia4zjfc73?rl=2
44,王菲我和我的祖国片头曲,980209,6小时30分,5,https://weibo.cn/comment/hot/I9VuElh8g?rl=2
45,领队机女飞行员太飒了,979515,0小时50分,3,https://weibo.cn/comment/hot/I9Ot4thE1?rl=2
46,电子烟被检测含有毒化学品,977494,4小时30分,3,https://weibo.cn/comment/hot/I9TbE7jK0?rl=2
47,明星十一都去哪,975045,0小时10分,3,https://weibo.cn/comment/hot/I8ZEy42RM?rl=2
48,退团,962381,8小时50分,16,https://weibo.cn/comment/hot/Iany0sKNj?rl=2
49,杜江 正气,942383,6小时50分,6,https://weibo.cn/comment/hot/I9Vwh8KLS?rl=2
50,第一批女兵从阅兵集训点撤离,901641,10小时0分,5,https://weibo.cn/comment/hot/I9UgnhEbZ?rl=2
51,夺冠的大彩蛋原来是郎平,887518,7小时40分,5,https://weibo.cn/comment/hot/I9V5eu5bl?rl=2
52,成年人是过了期的儿童,866804,5小时30分,17,https://weibo.cn/comment/hot/I9U6Lhye0?rl=2
53,一夜之间想穿秋裤了,852034,10小时50分,8,https://weibo.cn/comment/hot/I9WpkkEwt?rl=2
54,国庆大阅兵夫妻共同受阅,850519,0小时40分,5,https://weibo.cn/comment/hot/I9YXxeH7K?rl=2
55,魏大勋用嘴扒蒜,836315,7小时20分,4,https://weibo.cn/comment/hot/I9UTDzz5U?rl=2
56,十一出游好去处,822391,0小时50分,6,https://weibo.cn/comment/hot/IarkX28hS?rl=2
57,罗永浩使用iPhone,802658,8小时10分,5,https://weibo.cn/comment/hot/Ia6szwWpd?rl=2
58,欧豪 背带裤,719200,11小时40分,4,https://weibo.cn/comment/hot/I9M4QCLOb?rl=2
59,俄罗斯外交部发言人秀流利中文,709131,5小时0分,6,https://weibo.cn/comment/hot/I9VMFjXRA?rl=2
60,唐嫣燕云台造型,695364,10小时10分,5,https://weibo.cn/comment/hot/Ib3KE5a0e?rl=2
61,阅兵最帅兵哥哥,675398,9小时10分,17,https://weibo.cn/comment/hot/I9vXhnAD4?rl=2
62,一面有381个弹孔的战旗,651186,3小时50分,6,https://weibo.cn/comment/hot/I9OT7iLUQ?rl=2
63,群众游行方队与兵哥哥一路击掌,644624,9小时50分,9,https://weibo.cn/comment/hot/I9U9FwHXp?rl=2
64,塔里木发现千亿方级大气田,637994,10小时30分,6,https://weibo.cn/comment/hot/I9PGO6iNX?rl=2
65,美国最严重枪击案达成和解,634687,4小时40分,6,https://weibo.cn/comment/hot/I9V16z428?rl=2
66,专家称迷路和平鸽是本地鸽,631488,6小时30分,6,https://weibo.cn/comment/hot/I9XDrneQG?rl=2
67,肖战 我的中国心MV,629237,11小时30分,11,https://weibo.cn/comment/hot/Ib9zSBTBo?rl=2
68,儿子受阅后回家看患癌妈妈,627246,5小时40分,17,https://weibo.cn/comment/hot/I9VcpdcK0?rl=2
69,用意念控制外骨骼机器人行走,626161,2小时10分,7,https://weibo.cn/comment/hot/I9YBJABou?rl=2
70,美颜滤镜到底有多不可信,617409,11小时40分,7,https://weibo.cn/comment/hot/I9M9SnsJB?rl=2
71,杨明鑫哭了,616666,8小时40分,5,https://weibo.cn/comment/hot/I9Q4r8wQS?rl=2
72,兵哥哥女排第一口号如愿以偿,613417,5小时20分,10,https://weibo.cn/comment/hot/I9UNGva22?rl=2
73,刚交往可以接受AA制吗,610173,7小时10分,16,https://weibo.cn/comment/hot/I9TqScfG7?rl=2
74,声入人心年度首席,596920,1小时20分,8,https://weibo.cn/comment/hot/I9YWAqM0U?rl=2
75,老人同一位置打卡1949和2019,586809,10小时0分,9,https://weibo.cn/comment/hot/I9NiCn46Q?rl=2
76,10月将有多场流星雨,575777,6小时10分,13,https://weibo.cn/comment/hot/I9V6d5cI8?rl=2
77,苹果强调不会泄漏隐私,572705,4小时0分,12,https://weibo.cn/comment/hot/I9W0MfHF1?rl=2
78,禁蒙面法,559946,8小时50分,11,https://weibo.cn/comment/hot/I9WB0iQ3K?rl=2
79,海军方队把候车厅变成阅兵场,557836,5小时50分,7,https://weibo.cn/comment/hot/I9XeUr2WY?rl=2
80,武磊欧战首球,550228,5小时40分,2,https://weibo.cn/comment/hot/I9SwI8eWz?rl=2
81,王晨艺怼代拍,511539,8小时20分,17,https://weibo.cn/comment/hot/I9Pe1k9eu?rl=2
82,新生大熊猫名字叫国庆,487156,7小时50分,13,https://weibo.cn/comment/hot/I9XwoiH1Y?rl=2
84,胡歌角色原型,481013,9小时20分,8,https://weibo.cn/comment/hot/I9VxK7xNY?rl=2
85,被男友嫌弃的衣服怎么搭,475337,6小时10分,16,https://weibo.cn/comment/hot/I9WZNpylA?rl=2
86,安吉丽娜朱莉 银色流苏裙,473828,7小时10分,16,https://weibo.cn/comment/hot/Ia8MSquId?rl=2
88,林允儿 黄色拖地纱裙,451717,9小时40分,11,https://weibo.cn/comment/hot/I9OF30Uoy?rl=2
89,一个人可以低调到什么程度,448700,10小时20分,10,https://weibo.cn/comment/hot/IaTLjwkZM?rl=2
90,特等功 一个能打几百个,446776,8小时30分,12,https://weibo.cn/comment/hot/I9OwJEOS6?rl=2
91,父亲直播里找到受阅女儿,443914,8小时0分,13,https://weibo.cn/comment/hot/I9GgYASOZ?rl=2
92,SuperJunior MV公开时间延迟,443568,5小时20分,12,https://weibo.cn/comment/hot/I9Z7QCUkU?rl=2
93,绝美复古宫廷风大片,442635,4小时10分,24,https://weibo.cn/comment/hot/I9Q5QkX3M?rl=2
94,村民病重全村献3万毫升血,440372,4小时10分,17,https://weibo.cn/comment/hot/I9WY03xhk?rl=2
95,张富清,439559,7小时30分,14,https://weibo.cn/comment/hot/IaIJ5bD5I?rl=2
96,吴亦凡 机场,438279,13小时0分,16,https://weibo.cn/comment/hot/Iaf8TmL2P?rl=2
97,长期不吃晚餐的人怎么样了,435943,14小时40分,17,https://weibo.cn/comment/hot/I9NHHeUhp?rl=2
98,难听,432496,10小时50分,16,https://weibo.cn/comment/hot/Ib9jfDvQm?rl=2
99,王瑛瑛 段位,432010,8小时30分,18,https://weibo.cn/comment/hot/I9PT0xq1u?rl=2
100,jade 绿茶,430255,8小时50分,17,https://weibo.cn/comment/hot/IaTDkfryg?rl=2
101,交接仪式是他请英军下岗,428771,11小时0分,18,https://weibo.cn/comment/hot/I9NydvgRc?rl=2
102,消防员全程英文救援,427355,9小时40分,20,https://weibo.cn/comment/hot/I9PlYfAAk?rl=2
103,LISA和BamBam同框,426385,12小时40分,21,https://weibo.cn/comment/hot/I9PZsmfdR?rl=2
104,沈双双见家长翻车,425295,12小时30分,17,https://weibo.cn/comment/hot/I9PmiAOe0?rl=2
106,鹿晗西装造型,404274,5小时30分,17,https://weibo.cn/comment/hot/I9VBVgb1e?rl=2
107,绝美港风妆,402107,5小时40分,19,https://weibo.cn/comment/hot/I9Y2ADojp?rl=2
108,当代高中生的消费观,401631,7小时20分,18,https://weibo.cn/comment/hot/I9X3F8oiG?rl=2
109,喜欢到什么程度可以结婚,399663,9小时50分,21,https://weibo.cn/comment/hot/I9Tet2Jsu?rl=2
110,和闺蜜用的头像,388877,8小时10分,17,https://weibo.cn/comment/hot/I9WsKuoo7?rl=2
111,王鹤棣呼吁理智追星,387343,3小时0分,11,https://weibo.cn/comment/hot/I9Yxoondx?rl=2
112,英国出租车贴中文标语,385339,5小时50分,21,https://weibo.cn/comment/hot/I9U3Mlutb?rl=2
113,我国首架无人机研制者,385266,3小时0分,8,https://weibo.cn/comment/hot/I9P0a5s1q?rl=2
114,黄渤王千源 敬礼拱手礼,385189,6小时30分,21,https://weibo.cn/comment/hot/I9MWvA3H6?rl=2
115,第一炉香路透,384605,6小时20分,18,https://weibo.cn/comment/hot/I9WBq0Vaz?rl=2
116,白血病患儿的胡奶奶走了,374696,10小时40分,23,https://weibo.cn/comment/hot/I9PFpuQbt?rl=2
117,不谈恋爱的好处,371291,12小时50分,18,https://weibo.cn/comment/hot/I9OL9vLCO?rl=2
118,看完中国机长再坐飞机,362303,7小时40分,15,https://weibo.cn/comment/hot/I9OfEAC5W?rl=2
119,游客人海中让出生命通道,353881,4小时10分,14,https://weibo.cn/comment/hot/I9WO9hohr?rl=2
120,朱雨玲出局,352317,3小时20分,11,https://weibo.cn/comment/hot/I9PJf5Lsa?rl=2
121,武磊,351924,4小时50分,2,https://weibo.cn/comment/hot/IaZycBocP?rl=2
122,吴亦凡睫毛,349815,3小时50分,16,https://weibo.cn/comment/hot/I9YgR5nci?rl=2
123,万能百搭白衬衫,348378,5小时30分,24,https://weibo.cn/comment/hot/IaZK22vAT?rl=2
124,起过最沙雕的宿舍群名,346431,6小时30分,18,https://weibo.cn/comment/hot/I9TRKu22c?rl=2
125,国庆假期的最后三天,344479,3小时50分,17,https://weibo.cn/comment/hot/Ia2S4tzEP?rl=2
126,陈飞宇刘昊然口音,342851,11小时10分,12,https://weibo.cn/comment/hot/I9OZX2AAo?rl=2
127,扫雷英雄杜富国聆听国庆阅兵,328482,2小时50分,13,https://weibo.cn/comment/hot/I9XmRCiyo?rl=2
128,凉秋穿搭,325443,5小时10分,19,https://weibo.cn/comment/hot/I9TPzqKDq?rl=2
129,香港中联办表示坚决支持禁蒙面法,317276,2小时30分,14,https://weibo.cn/comment/hot/I9XOO63pY?rl=2
130,排队3小时只玩1小时,317117,3小时0分,16,https://weibo.cn/comment/hot/I9Yy8upif?rl=2
131,约会穿着白色汉服,314474,3小时0分,18,https://weibo.cn/comment/hot/IaJKVBtnp?rl=2
132,国庆比惨大赛,313545,2小时10分,19,https://weibo.cn/comment/hot/I9YZQtS5R?rl=2
133,三部国庆档主旋律电影票房破30亿,313135,4小时40分,18,https://weibo.cn/comment/hot/I9VuElh8g?rl=2
134,如果你在健身房看到这一幕,312459,1小时10分,18,https://weibo.cn/comment/hot/Ib8wzdhl5?rl=2
135,声入人心,312453,2小时20分,19,https://weibo.cn/comment/hot/Ib2JtkcAe?rl=2
136,有个不会拍照的闺蜜的体验,303322,6小时20分,23,https://weibo.cn/comment/hot/I9XfIE6IG?rl=2
138,东北降温游客裹被子玩耍,298097,1小时0分,16,https://weibo.cn/comment/hot/I9YNEmJVP?rl=2
139,心疼阿泰,295664,12小时0分,18,https://weibo.cn/comment/hot/I9R4y1uNd?rl=2
142,日本正式上调消费税,289050,2小时20分,26,https://weibo.cn/comment/hot/I9NYiaeOa?rl=2
143,黄山游客卡山腰进退两难,284733,11小时50分,25,https://weibo.cn/comment/hot/I9OQy2scN?rl=2
144,国庆彩车设计稿,283643,10小时20分,28,https://weibo.cn/comment/hot/I9OGY5pGZ?rl=2
146,杜江角色搭讪是特意设计的,279233,8小时30分,11,https://weibo.cn/comment/hot/I9Npp9lNb?rl=2
147,罗伯特德尼罗被告性别歧视,262814,3小时40分,24,https://weibo.cn/comment/hot/I9Vlrq9Tf?rl=2
149,青春是在哪个瞬间结束的,259253,5小时0分,25,https://weibo.cn/comment/hot/I9UWjjgi2?rl=2
150,你跟五年前最大的区别,248030,10小时10分,27,https://weibo.cn/comment/hot/Iao4zyi9a?rl=2
152,superm新歌MV,239957,5小时20分,31,https://weibo.cn/comment/hot/I9Vgv1g2d?rl=2
153,超适合秋冬的饱暖口红,238798,2小时40分,25,https://weibo.cn/comment/hot/I9W9gdLC5?rl=2
154,国庆70根烟花光柱幕后,229784,2小时40分,33,https://weibo.cn/comment/hot/I9UpHhuLD?rl=2
155,我和我的祖国票房,217798,7小时0分,34,https://weibo.cn/comment/hot/IaYYzztj4?rl=2
156,霍尊复古刺绣西装,217332,3小时30分,32,https://weibo.cn/comment/hot/I9VqPmgxG?rl=2
157,中国自研数据库打破西方垄断,215088,3小时50分,35,https://weibo.cn/comment/hot/I9V2l6KqA?rl=2
158,刘玉玲 魅力,213394,7小时10分,33,https://weibo.cn/comment/hot/I9P7jhDjX?rl=2
159,假期与父母朋友旅游的区别,207943,4小时0分,31,https://weibo.cn/comment/hot/I9OnqAvlC?rl=2
160,东风家族12兄弟,206635,4小时10分,35,https://weibo.cn/comment/hot/I9UA9hZVd?rl=2
161,queendom,204351,7小时10分,38,https://weibo.cn/comment/hot/IaTsQrkHV?rl=2
163,李荣浩是为婚礼做准备吗,199470,8小时10分,38,https://weibo.cn/comment/hot/I9N8OxiZz?rl=2
164,消防员正执勤妈妈和奶奶突然出现,196647,7小时40分,36,https://weibo.cn/comment/hot/I9P7ksBcT?rl=2
165,声入人心年度声乐大赏,194073,1小时10分,31,https://weibo.cn/comment/hot/I9YmZDkgw?rl=2
166,烟台景区气球经营业主被控制,192090,3小时30分,31,https://weibo.cn/comment/hot/I9ThZo7hz?rl=2
167,训导员回忆搜救犬沈虎,188759,2小时0分,23,https://weibo.cn/comment/hot/I9MWLxA9A?rl=2
168,国庆一起看人山人海,185651,3小时50分,30,https://weibo.cn/comment/hot/I9XVtsRf1?rl=2
169,有个会摄影的男朋友,184879,9小时50分,39,https://weibo.cn/comment/hot/I9LA8tzT8?rl=2
170,我理想的假期生活,181935,2小时0分,25,https://weibo.cn/comment/hot/I9MMcqvoe?rl=2
171,假期姐妹拍照姿势,181828,5小时10分,34,https://weibo.cn/comment/hot/I9UsraBY4?rl=2
172,向下兼容型好友,178949,2小时40分,34,https://weibo.cn/comment/hot/I9XVmnGPi?rl=2
173,中国机长票房破10亿,172285,2小时30分,42,https://weibo.cn/comment/hot/IaZvVnPgV?rl=2
174,87岁的她见到了17岁的自己,170171,7小时30分,39,https://weibo.cn/comment/hot/I9Mc5thgs?rl=2
175,假期单身男女的烦恼,167245,8小时20分,26,https://weibo.cn/comment/hot/I9OK6eskR?rl=2
181,职场怎么穿才有气场,152618,1小时40分,40,https://weibo.cn/comment/hot/I9V3fwWuk?rl=2
182,宁夏共同育儿假正式入法,151605,1小时0分,37,https://weibo.cn/comment/hot/Ia6Uudfxd?rl=2
183,年少有你,150027,3小时0分,46,https://weibo.cn/comment/hot/IafudoHgg?rl=2
184,国庆假期关键词,149739,0小时30分,42,https://weibo.cn/comment/hot/I9VQdqtZV?rl=2
185,谢文骏世锦赛第四变第五,136082,2小时0分,44,https://weibo.cn/comment/hot/I9W7Lq5WB?rl=2
186,贝莱德集团成汇丰控股最大股东,135225,0小时50分,42,https://weibo.cn/comment/hot/I9WlvFfX5?rl=2
187,马尔基西奥宣布退役,133149,1小时0分,47,https://weibo.cn/comment/hot/I9PoDonXt?rl=2
189,时装周美包,132054,0小时30分,41,https://weibo.cn/comment/hot/I7ES9dGvo?rl=2
190,94岁老兵佩戴勋章看阅兵,131363,1小时40分,42,https://weibo.cn/comment/hot/I9OrVenue?rl=2
191,贝索斯蝉联美国首富,130293,1小时30分,45,https://weibo.cn/comment/hot/I9UfXgrE4?rl=2
192,战旗方队BGM配大阅兵全程,125412,1小时30分,40,https://weibo.cn/comment/hot/I9WIr15DF?rl=2
193,你收到过什么样的奇葩要求,124330,1小时0分,44,https://weibo.cn/comment/hot/I9VPPuMmv?rl=2
194,人生三大困惑,122463,0小时30分,43,https://weibo.cn/comment/hot/I9X9t1fC6?rl=2
195,游戏高手虐菜是什么体验,121894,1小时30分,48,https://weibo.cn/comment/hot/I9OmIh50g?rl=2
196,高校领导开学典礼致辞,117786,0小时30分,42,https://weibo.cn/comment/hot/I9OvyFPPI?rl=2
197,京杭大运河通州城市段旅游通航,117492,2小时0分,35,https://weibo.cn/comment/hot/I9LmhbJMZ?rl=2
198,沙雕叫卖合集,116296,7小时0分,32,https://weibo.cn/comment/hot/I9L2rlRH0?rl=2
199,曼联全场0射正,116250,0小时30分,44,https://weibo.cn/comment/hot/I9RtZk97z?rl=2
200,当年锡镍铬如今借鸽子,109922,0小时10分,40,https://weibo.cn/comment/hot/IaEoRs0fu?rl=2
201,巩立姣女子铅球两连冠,98670,1小时20分,42,https://weibo.cn/comment/hot/I9SzkkUpz?rl=2
202,大学如何变精致,98431,2小时20分,48,https://weibo.cn/comment/hot/I9NWgfyhb?rl=2
203,国庆假期的三大状态,97830,0小时30分,50,https://weibo.cn/comment/hot/I9PlRoAyx?rl=2
204,致命女人,59659,6小时0分,35,https://weibo.cn/comment/hot/Ib9WFEmTw?rl=2
206,旗袍穿得好才撩人,36256,3小时50分,49,https://weibo.cn/comment/hot/I9O7Il1gp?rl=2
207,影像1949,22099,0小时40分,50,https://weibo.cn/comment/hot/I9PUwuJWx?rl=2
